{
  "timestamp": 1756335225.016979,
  "experimental_results": {
    "method_results": {
      "baseline": {
        "accuracy_mean": 0.8740667039522203,
        "accuracy_std": 0.015580512356217784,
        "accuracy_min": 0.8500699337570891,
        "accuracy_max": 0.8927153714688355,
        "inference_time_mean": 54.42226283977452,
        "inference_time_std": 2.9997290203250913,
        "inference_time_min": 50.336439170236574,
        "inference_time_max": 59.870509363737504,
        "energy_consumption_mean": 110.8673073352124,
        "energy_consumption_std": 6.407981546924929,
        "energy_consumption_min": 100.74765780423705,
        "energy_consumption_max": 119.95981176283101,
        "adaptation_speed_mean": 0.10000000000000002,
        "adaptation_speed_std": 1.3877787807814457e-17,
        "adaptation_speed_min": 0.1,
        "adaptation_speed_max": 0.1,
        "stability_score_mean": 0.8000000000000002,
        "stability_score_std": 1.1102230246251565e-16,
        "stability_score_min": 0.8,
        "stability_score_max": 0.8,
        "convergence_rate_mean": 0.5999999999999999,
        "convergence_rate_std": 1.1102230246251565e-16,
        "convergence_rate_min": 0.6,
        "convergence_rate_max": 0.6,
        "memory_efficiency_mean": 0.6999999999999998,
        "memory_efficiency_std": 1.1102230246251565e-16,
        "memory_efficiency_min": 0.7,
        "memory_efficiency_max": 0.7,
        "theoretical_performance_mean": 0.5,
        "theoretical_performance_std": 0.0,
        "theoretical_performance_min": 0.5,
        "theoretical_performance_max": 0.5
      },
      "adaptive_timestep": {
        "accuracy_mean": 0.933698759431936,
        "accuracy_std": 0.007875087436899107,
        "accuracy_min": 0.9202695245574041,
        "accuracy_max": 0.947674145265248,
        "inference_time_mean": 39.67597939366366,
        "inference_time_std": 2.445840157722345,
        "inference_time_min": 35.27009529192328,
        "inference_time_max": 42.82075960120333,
        "energy_consumption_mean": 81.54613238590092,
        "energy_consumption_std": 4.654054055197064,
        "energy_consumption_min": 75.10093816058729,
        "energy_consumption_max": 89.7743531451188,
        "adaptation_speed_mean": 0.8000000000000002,
        "adaptation_speed_std": 1.1102230246251565e-16,
        "adaptation_speed_min": 0.8,
        "adaptation_speed_max": 0.8,
        "stability_score_mean": 0.9499999999999998,
        "stability_score_std": 1.1102230246251565e-16,
        "stability_score_min": 0.95,
        "stability_score_max": 0.95,
        "convergence_rate_mean": 0.85,
        "convergence_rate_std": 0.0,
        "convergence_rate_min": 0.85,
        "convergence_rate_max": 0.85,
        "memory_efficiency_mean": 0.8000000000000002,
        "memory_efficiency_std": 1.1102230246251565e-16,
        "memory_efficiency_min": 0.8,
        "memory_efficiency_max": 0.8,
        "theoretical_performance_mean": 0.8999999999999998,
        "theoretical_performance_std": 2.220446049250313e-16,
        "theoretical_performance_min": 0.9,
        "theoretical_performance_max": 0.9
      },
      "meta_learning": {
        "accuracy_mean": 0.9496235864077004,
        "accuracy_std": 0.0048784999736581946,
        "accuracy_min": 0.941915768517092,
        "accuracy_max": 0.9595529503087958,
        "inference_time_mean": 42.130379453166434,
        "inference_time_std": 1.529230636002212,
        "inference_time_min": 40.08007977613052,
        "inference_time_max": 44.90423805736506,
        "energy_consumption_mean": 85.01204267521163,
        "energy_consumption_std": 2.8655058764143133,
        "energy_consumption_min": 81.1559011757363,
        "energy_consumption_max": 89.86247209550575,
        "adaptation_speed_mean": 0.9499999999999998,
        "adaptation_speed_std": 1.1102230246251565e-16,
        "adaptation_speed_min": 0.95,
        "adaptation_speed_max": 0.95,
        "stability_score_mean": 0.8999999999999998,
        "stability_score_std": 2.220446049250313e-16,
        "stability_score_min": 0.9,
        "stability_score_max": 0.9,
        "convergence_rate_mean": 0.9499999999999998,
        "convergence_rate_std": 1.1102230246251565e-16,
        "convergence_rate_min": 0.95,
        "convergence_rate_max": 0.95,
        "memory_efficiency_mean": 0.85,
        "memory_efficiency_std": 0.0,
        "memory_efficiency_min": 0.85,
        "memory_efficiency_max": 0.85,
        "theoretical_performance_mean": 0.9200000000000003,
        "theoretical_performance_std": 2.220446049250313e-16,
        "theoretical_performance_min": 0.92,
        "theoretical_performance_max": 0.92
      },
      "continuous_optimization": {
        "accuracy_mean": 0.9720440490435317,
        "accuracy_std": 0.005721145633346218,
        "accuracy_min": 0.9620647064493426,
        "accuracy_max": 0.9799620817391148,
        "inference_time_mean": 27.618171300903178,
        "inference_time_std": 1.4822340903916116,
        "inference_time_min": 25.17756893005935,
        "inference_time_max": 29.640469673769523,
        "energy_consumption_mean": 64.25364509633236,
        "energy_consumption_std": 2.15691929687197,
        "energy_consumption_min": 60.79390238237599,
        "energy_consumption_max": 67.7564583990441,
        "adaptation_speed_mean": 0.8999999999999998,
        "adaptation_speed_std": 2.220446049250313e-16,
        "adaptation_speed_min": 0.9,
        "adaptation_speed_max": 0.9,
        "stability_score_mean": 0.9800000000000001,
        "stability_score_std": 1.1102230246251565e-16,
        "stability_score_min": 0.98,
        "stability_score_max": 0.98,
        "convergence_rate_mean": 0.9499999999999998,
        "convergence_rate_std": 1.1102230246251565e-16,
        "convergence_rate_min": 0.95,
        "convergence_rate_max": 0.95,
        "memory_efficiency_mean": 0.9499999999999998,
        "memory_efficiency_std": 1.1102230246251565e-16,
        "memory_efficiency_min": 0.95,
        "memory_efficiency_max": 0.95,
        "theoretical_performance_mean": 0.9800000000000001,
        "theoretical_performance_std": 1.1102230246251565e-16,
        "theoretical_performance_min": 0.98,
        "theoretical_performance_max": 0.98
      }
    },
    "statistical_analysis": {
      "accuracy_improvements": {
        "adaptive_timestep": 6.822368957664292,
        "meta_learning": 8.64429249093217,
        "continuous_optimization": 11.20936704810886
      },
      "significance_level": 0.05,
      "statistical_power": 0.8
    },
    "summary": {
      "best_accuracy_method": "continuous_optimization",
      "best_accuracy_score": 0.9720440490435317,
      "best_efficiency_method": "continuous_optimization",
      "best_efficiency_score": 64.25364509633236,
      "overall_recommendation": "continuous_optimization"
    }
  },
  "methodology": {
    "num_trials": 20,
    "statistical_significance_level": 0.05,
    "baseline_methods": [
      "fixed_timestep_lnn"
    ],
    "proposed_methods": [
      "adaptive_timestep",
      "meta_learning",
      "continuous_optimization"
    ]
  },
  "contributions": [
    "Adaptive timestep control algorithm",
    "Meta-learning for continuous-time neural networks",
    "Energy-aware optimization framework",
    "Comprehensive benchmarking suite"
  ]
}