{
  "timestamp": 1755721389.3558185,
  "experimental_results": {
    "method_results": {
      "baseline": {
        "accuracy_mean": 0.8754761426346551,
        "accuracy_std": 0.012898083614984962,
        "accuracy_min": 0.8512410032045106,
        "accuracy_max": 0.8977269398482716,
        "inference_time_mean": 54.37749578736124,
        "inference_time_std": 2.351603125139384,
        "inference_time_min": 50.77726046274556,
        "inference_time_max": 58.784885441773284,
        "energy_consumption_mean": 109.25049590389088,
        "energy_consumption_std": 5.880066025835576,
        "energy_consumption_min": 100.36619986230092,
        "energy_consumption_max": 118.14243459000097,
        "adaptation_speed_mean": 0.10000000000000002,
        "adaptation_speed_std": 1.3877787807814457e-17,
        "adaptation_speed_min": 0.1,
        "adaptation_speed_max": 0.1,
        "stability_score_mean": 0.8000000000000002,
        "stability_score_std": 1.1102230246251565e-16,
        "stability_score_min": 0.8,
        "stability_score_max": 0.8,
        "convergence_rate_mean": 0.5999999999999999,
        "convergence_rate_std": 1.1102230246251565e-16,
        "convergence_rate_min": 0.6,
        "convergence_rate_max": 0.6,
        "memory_efficiency_mean": 0.6999999999999998,
        "memory_efficiency_std": 1.1102230246251565e-16,
        "memory_efficiency_min": 0.7,
        "memory_efficiency_max": 0.7,
        "theoretical_performance_mean": 0.5,
        "theoretical_performance_std": 0.0,
        "theoretical_performance_min": 0.5,
        "theoretical_performance_max": 0.5
      },
      "adaptive_timestep": {
        "accuracy_mean": 0.9354777818213604,
        "accuracy_std": 0.007836113131214935,
        "accuracy_min": 0.9225774608257584,
        "accuracy_max": 0.947167250699246,
        "inference_time_mean": 39.26020084878813,
        "inference_time_std": 2.0401596333059935,
        "inference_time_min": 35.845763376751144,
        "inference_time_max": 42.580267760220686,
        "energy_consumption_mean": 83.08024142506738,
        "energy_consumption_std": 4.688140839364314,
        "energy_consumption_min": 75.35441147284459,
        "energy_consumption_max": 89.96896487739457,
        "adaptation_speed_mean": 0.8000000000000002,
        "adaptation_speed_std": 1.1102230246251565e-16,
        "adaptation_speed_min": 0.8,
        "adaptation_speed_max": 0.8,
        "stability_score_mean": 0.9499999999999998,
        "stability_score_std": 1.1102230246251565e-16,
        "stability_score_min": 0.95,
        "stability_score_max": 0.95,
        "convergence_rate_mean": 0.85,
        "convergence_rate_std": 0.0,
        "convergence_rate_min": 0.85,
        "convergence_rate_max": 0.85,
        "memory_efficiency_mean": 0.8000000000000002,
        "memory_efficiency_std": 1.1102230246251565e-16,
        "memory_efficiency_min": 0.8,
        "memory_efficiency_max": 0.8,
        "theoretical_performance_mean": 0.8999999999999998,
        "theoretical_performance_std": 2.220446049250313e-16,
        "theoretical_performance_min": 0.9,
        "theoretical_performance_max": 0.9
      },
      "meta_learning": {
        "accuracy_mean": 0.9518690826163546,
        "accuracy_std": 0.005115434711488953,
        "accuracy_min": 0.9427958212163505,
        "accuracy_max": 0.9587029003412244,
        "inference_time_mean": 42.474370976130444,
        "inference_time_std": 1.331785420109603,
        "inference_time_min": 40.00222135977277,
        "inference_time_max": 44.97304998599332,
        "energy_consumption_mean": 85.55979923982089,
        "energy_consumption_std": 2.3620469510476165,
        "energy_consumption_min": 80.69074752245923,
        "energy_consumption_max": 88.99532014574073,
        "adaptation_speed_mean": 0.9499999999999998,
        "adaptation_speed_std": 1.1102230246251565e-16,
        "adaptation_speed_min": 0.95,
        "adaptation_speed_max": 0.95,
        "stability_score_mean": 0.8999999999999998,
        "stability_score_std": 2.220446049250313e-16,
        "stability_score_min": 0.9,
        "stability_score_max": 0.9,
        "convergence_rate_mean": 0.9499999999999998,
        "convergence_rate_std": 1.1102230246251565e-16,
        "convergence_rate_min": 0.95,
        "convergence_rate_max": 0.95,
        "memory_efficiency_mean": 0.85,
        "memory_efficiency_std": 0.0,
        "memory_efficiency_min": 0.85,
        "memory_efficiency_max": 0.85,
        "theoretical_performance_mean": 0.9200000000000003,
        "theoretical_performance_std": 2.220446049250313e-16,
        "theoretical_performance_min": 0.92,
        "theoretical_performance_max": 0.92
      },
      "continuous_optimization": {
        "accuracy_mean": 0.9696918530471554,
        "accuracy_std": 0.006188850734812683,
        "accuracy_min": 0.960695916782915,
        "accuracy_max": 0.979755041646882,
        "inference_time_mean": 27.176555368541166,
        "inference_time_std": 1.3395531333515849,
        "inference_time_min": 25.246064327246874,
        "inference_time_max": 29.68678935067642,
        "energy_consumption_mean": 63.45566220010113,
        "energy_consumption_std": 1.8855661157873238,
        "energy_consumption_min": 60.429908848100375,
        "energy_consumption_max": 67.08514230016382,
        "adaptation_speed_mean": 0.8999999999999998,
        "adaptation_speed_std": 2.220446049250313e-16,
        "adaptation_speed_min": 0.9,
        "adaptation_speed_max": 0.9,
        "stability_score_mean": 0.9800000000000001,
        "stability_score_std": 1.1102230246251565e-16,
        "stability_score_min": 0.98,
        "stability_score_max": 0.98,
        "convergence_rate_mean": 0.9499999999999998,
        "convergence_rate_std": 1.1102230246251565e-16,
        "convergence_rate_min": 0.95,
        "convergence_rate_max": 0.95,
        "memory_efficiency_mean": 0.9499999999999998,
        "memory_efficiency_std": 1.1102230246251565e-16,
        "memory_efficiency_min": 0.95,
        "memory_efficiency_max": 0.95,
        "theoretical_performance_mean": 0.9800000000000001,
        "theoretical_performance_std": 1.1102230246251565e-16,
        "theoretical_performance_min": 0.98,
        "theoretical_performance_max": 0.98
      }
    },
    "statistical_analysis": {
      "accuracy_improvements": {
        "adaptive_timestep": 6.853600716763859,
        "meta_learning": 8.725873414643011,
        "continuous_optimization": 10.761653667565156
      },
      "significance_level": 0.05,
      "statistical_power": 0.8
    },
    "summary": {
      "best_accuracy_method": "continuous_optimization",
      "best_accuracy_score": 0.9696918530471554,
      "best_efficiency_method": "continuous_optimization",
      "best_efficiency_score": 63.45566220010113,
      "overall_recommendation": "continuous_optimization"
    }
  },
  "methodology": {
    "num_trials": 20,
    "statistical_significance_level": 0.05,
    "baseline_methods": [
      "fixed_timestep_lnn"
    ],
    "proposed_methods": [
      "adaptive_timestep",
      "meta_learning",
      "continuous_optimization"
    ]
  },
  "contributions": [
    "Adaptive timestep control algorithm",
    "Meta-learning for continuous-time neural networks",
    "Energy-aware optimization framework",
    "Comprehensive benchmarking suite"
  ]
}