{
  "timestamp": 1756044875.630971,
  "experimental_results": {
    "method_results": {
      "baseline": {
        "accuracy_mean": 0.8743200020990857,
        "accuracy_std": 0.015570136679757016,
        "accuracy_min": 0.8525799218264101,
        "accuracy_max": 0.8972412628985615,
        "inference_time_mean": 54.62741873079555,
        "inference_time_std": 2.7175792266488163,
        "inference_time_min": 50.538174342305474,
        "inference_time_max": 59.456064409896975,
        "energy_consumption_mean": 113.43139258900217,
        "energy_consumption_std": 5.134356048005067,
        "energy_consumption_min": 103.01439142903774,
        "energy_consumption_max": 119.12410351442901,
        "adaptation_speed_mean": 0.10000000000000002,
        "adaptation_speed_std": 1.3877787807814457e-17,
        "adaptation_speed_min": 0.1,
        "adaptation_speed_max": 0.1,
        "stability_score_mean": 0.8000000000000002,
        "stability_score_std": 1.1102230246251565e-16,
        "stability_score_min": 0.8,
        "stability_score_max": 0.8,
        "convergence_rate_mean": 0.5999999999999999,
        "convergence_rate_std": 1.1102230246251565e-16,
        "convergence_rate_min": 0.6,
        "convergence_rate_max": 0.6,
        "memory_efficiency_mean": 0.6999999999999998,
        "memory_efficiency_std": 1.1102230246251565e-16,
        "memory_efficiency_min": 0.7,
        "memory_efficiency_max": 0.7,
        "theoretical_performance_mean": 0.5,
        "theoretical_performance_std": 0.0,
        "theoretical_performance_min": 0.5,
        "theoretical_performance_max": 0.5
      },
      "adaptive_timestep": {
        "accuracy_mean": 0.9342639431067573,
        "accuracy_std": 0.008277006424097125,
        "accuracy_min": 0.9207684993288033,
        "accuracy_max": 0.9477106262516908,
        "inference_time_mean": 37.944766922840856,
        "inference_time_std": 2.3178846968442217,
        "inference_time_min": 35.00781063496328,
        "inference_time_max": 42.58092135231464,
        "energy_consumption_mean": 82.38987157326378,
        "energy_consumption_std": 3.559511468058781,
        "energy_consumption_min": 76.88633828240341,
        "energy_consumption_max": 88.75744107306691,
        "adaptation_speed_mean": 0.8000000000000002,
        "adaptation_speed_std": 1.1102230246251565e-16,
        "adaptation_speed_min": 0.8,
        "adaptation_speed_max": 0.8,
        "stability_score_mean": 0.9499999999999998,
        "stability_score_std": 1.1102230246251565e-16,
        "stability_score_min": 0.95,
        "stability_score_max": 0.95,
        "convergence_rate_mean": 0.85,
        "convergence_rate_std": 0.0,
        "convergence_rate_min": 0.85,
        "convergence_rate_max": 0.85,
        "memory_efficiency_mean": 0.8000000000000002,
        "memory_efficiency_std": 1.1102230246251565e-16,
        "memory_efficiency_min": 0.8,
        "memory_efficiency_max": 0.8,
        "theoretical_performance_mean": 0.8999999999999998,
        "theoretical_performance_std": 2.220446049250313e-16,
        "theoretical_performance_min": 0.9,
        "theoretical_performance_max": 0.9
      },
      "meta_learning": {
        "accuracy_mean": 0.9493738470737568,
        "accuracy_std": 0.0052611956621730765,
        "accuracy_min": 0.9419357185205117,
        "accuracy_max": 0.95795045570378,
        "inference_time_mean": 42.639127284869915,
        "inference_time_std": 1.2472804786893292,
        "inference_time_min": 40.53059422133288,
        "inference_time_max": 44.784019697239735,
        "energy_consumption_mean": 85.46381280251516,
        "energy_consumption_std": 3.0271513756487782,
        "energy_consumption_min": 80.72547882777329,
        "energy_consumption_max": 89.97293338792163,
        "adaptation_speed_mean": 0.9499999999999998,
        "adaptation_speed_std": 1.1102230246251565e-16,
        "adaptation_speed_min": 0.95,
        "adaptation_speed_max": 0.95,
        "stability_score_mean": 0.8999999999999998,
        "stability_score_std": 2.220446049250313e-16,
        "stability_score_min": 0.9,
        "stability_score_max": 0.9,
        "convergence_rate_mean": 0.9499999999999998,
        "convergence_rate_std": 1.1102230246251565e-16,
        "convergence_rate_min": 0.95,
        "convergence_rate_max": 0.95,
        "memory_efficiency_mean": 0.85,
        "memory_efficiency_std": 0.0,
        "memory_efficiency_min": 0.85,
        "memory_efficiency_max": 0.85,
        "theoretical_performance_mean": 0.9200000000000003,
        "theoretical_performance_std": 2.220446049250313e-16,
        "theoretical_performance_min": 0.92,
        "theoretical_performance_max": 0.92
      },
      "continuous_optimization": {
        "accuracy_mean": 0.9694653660561118,
        "accuracy_std": 0.0058142338984002355,
        "accuracy_min": 0.9609313069613314,
        "accuracy_max": 0.9796992716411645,
        "inference_time_mean": 27.872685466133486,
        "inference_time_std": 1.3080743473500813,
        "inference_time_min": 25.57508316895881,
        "inference_time_max": 29.99569914898619,
        "energy_consumption_mean": 64.19605039836846,
        "energy_consumption_std": 2.1880765956954975,
        "energy_consumption_min": 60.811172959112426,
        "energy_consumption_max": 67.67933766390018,
        "adaptation_speed_mean": 0.8999999999999998,
        "adaptation_speed_std": 2.220446049250313e-16,
        "adaptation_speed_min": 0.9,
        "adaptation_speed_max": 0.9,
        "stability_score_mean": 0.9800000000000001,
        "stability_score_std": 1.1102230246251565e-16,
        "stability_score_min": 0.98,
        "stability_score_max": 0.98,
        "convergence_rate_mean": 0.9499999999999998,
        "convergence_rate_std": 1.1102230246251565e-16,
        "convergence_rate_min": 0.95,
        "convergence_rate_max": 0.95,
        "memory_efficiency_mean": 0.9499999999999998,
        "memory_efficiency_std": 1.1102230246251565e-16,
        "memory_efficiency_min": 0.95,
        "memory_efficiency_max": 0.95,
        "theoretical_performance_mean": 0.9800000000000001,
        "theoretical_performance_std": 1.1102230246251565e-16,
        "theoretical_performance_min": 0.98,
        "theoretical_performance_max": 0.98
      }
    },
    "statistical_analysis": {
      "accuracy_improvements": {
        "adaptive_timestep": 6.856064240067364,
        "meta_learning": 8.5842534534816,
        "continuous_optimization": 10.882212888713417
      },
      "significance_level": 0.05,
      "statistical_power": 0.8
    },
    "summary": {
      "best_accuracy_method": "continuous_optimization",
      "best_accuracy_score": 0.9694653660561118,
      "best_efficiency_method": "continuous_optimization",
      "best_efficiency_score": 64.19605039836846,
      "overall_recommendation": "continuous_optimization"
    }
  },
  "methodology": {
    "num_trials": 20,
    "statistical_significance_level": 0.05,
    "baseline_methods": [
      "fixed_timestep_lnn"
    ],
    "proposed_methods": [
      "adaptive_timestep",
      "meta_learning",
      "continuous_optimization"
    ]
  },
  "contributions": [
    "Adaptive timestep control algorithm",
    "Meta-learning for continuous-time neural networks",
    "Energy-aware optimization framework",
    "Comprehensive benchmarking suite"
  ]
}