{
  "timestamp": 1755824003.8947165,
  "experimental_results": {
    "method_results": {
      "baseline": {
        "accuracy_mean": 0.8794174696366392,
        "accuracy_std": 0.014650484783595001,
        "accuracy_min": 0.8502479730628458,
        "accuracy_max": 0.8982129018233121,
        "inference_time_mean": 55.80859549749509,
        "inference_time_std": 2.868573631349494,
        "inference_time_min": 50.720550710823574,
        "inference_time_max": 59.605515927140964,
        "energy_consumption_mean": 110.26788322679013,
        "energy_consumption_std": 6.351079635854171,
        "energy_consumption_min": 100.11674866212206,
        "energy_consumption_max": 119.09820841179018,
        "adaptation_speed_mean": 0.10000000000000002,
        "adaptation_speed_std": 1.3877787807814457e-17,
        "adaptation_speed_min": 0.1,
        "adaptation_speed_max": 0.1,
        "stability_score_mean": 0.8000000000000002,
        "stability_score_std": 1.1102230246251565e-16,
        "stability_score_min": 0.8,
        "stability_score_max": 0.8,
        "convergence_rate_mean": 0.5999999999999999,
        "convergence_rate_std": 1.1102230246251565e-16,
        "convergence_rate_min": 0.6,
        "convergence_rate_max": 0.6,
        "memory_efficiency_mean": 0.6999999999999998,
        "memory_efficiency_std": 1.1102230246251565e-16,
        "memory_efficiency_min": 0.7,
        "memory_efficiency_max": 0.7,
        "theoretical_performance_mean": 0.5,
        "theoretical_performance_std": 0.0,
        "theoretical_performance_min": 0.5,
        "theoretical_performance_max": 0.5
      },
      "adaptive_timestep": {
        "accuracy_mean": 0.9377005640593916,
        "accuracy_std": 0.008760379998425483,
        "accuracy_min": 0.9208030372880824,
        "accuracy_max": 0.9493569378504322,
        "inference_time_mean": 40.18148448464636,
        "inference_time_std": 2.160313568728627,
        "inference_time_min": 35.00617579576233,
        "inference_time_max": 42.96003791842814,
        "energy_consumption_mean": 84.22685107628968,
        "energy_consumption_std": 4.444841132750002,
        "energy_consumption_min": 75.62995988191518,
        "energy_consumption_max": 89.70599289435539,
        "adaptation_speed_mean": 0.8000000000000002,
        "adaptation_speed_std": 1.1102230246251565e-16,
        "adaptation_speed_min": 0.8,
        "adaptation_speed_max": 0.8,
        "stability_score_mean": 0.9499999999999998,
        "stability_score_std": 1.1102230246251565e-16,
        "stability_score_min": 0.95,
        "stability_score_max": 0.95,
        "convergence_rate_mean": 0.85,
        "convergence_rate_std": 0.0,
        "convergence_rate_min": 0.85,
        "convergence_rate_max": 0.85,
        "memory_efficiency_mean": 0.8000000000000002,
        "memory_efficiency_std": 1.1102230246251565e-16,
        "memory_efficiency_min": 0.8,
        "memory_efficiency_max": 0.8,
        "theoretical_performance_mean": 0.8999999999999998,
        "theoretical_performance_std": 2.220446049250313e-16,
        "theoretical_performance_min": 0.9,
        "theoretical_performance_max": 0.9
      },
      "meta_learning": {
        "accuracy_mean": 0.9513039714490146,
        "accuracy_std": 0.004457744459745911,
        "accuracy_min": 0.9429381923999982,
        "accuracy_max": 0.9582015192305585,
        "inference_time_mean": 42.90659706142204,
        "inference_time_std": 1.3839328102642685,
        "inference_time_min": 40.02450001314603,
        "inference_time_max": 44.91180666284483,
        "energy_consumption_mean": 85.493104037788,
        "energy_consumption_std": 2.6469849136749204,
        "energy_consumption_min": 80.19631360411404,
        "energy_consumption_max": 89.75613222996388,
        "adaptation_speed_mean": 0.9499999999999998,
        "adaptation_speed_std": 1.1102230246251565e-16,
        "adaptation_speed_min": 0.95,
        "adaptation_speed_max": 0.95,
        "stability_score_mean": 0.8999999999999998,
        "stability_score_std": 2.220446049250313e-16,
        "stability_score_min": 0.9,
        "stability_score_max": 0.9,
        "convergence_rate_mean": 0.9499999999999998,
        "convergence_rate_std": 1.1102230246251565e-16,
        "convergence_rate_min": 0.95,
        "convergence_rate_max": 0.95,
        "memory_efficiency_mean": 0.85,
        "memory_efficiency_std": 0.0,
        "memory_efficiency_min": 0.85,
        "memory_efficiency_max": 0.85,
        "theoretical_performance_mean": 0.9200000000000003,
        "theoretical_performance_std": 2.220446049250313e-16,
        "theoretical_performance_min": 0.92,
        "theoretical_performance_max": 0.92
      },
      "continuous_optimization": {
        "accuracy_mean": 0.9697717922104389,
        "accuracy_std": 0.0056599490687282575,
        "accuracy_min": 0.960806800119263,
        "accuracy_max": 0.9798645018795195,
        "inference_time_mean": 27.533968735288045,
        "inference_time_std": 1.6815150624708484,
        "inference_time_min": 25.02186285137215,
        "inference_time_max": 29.810063742894656,
        "energy_consumption_mean": 64.04132585222712,
        "energy_consumption_std": 2.150630313491565,
        "energy_consumption_min": 60.84286949819828,
        "energy_consumption_max": 67.60518158568742,
        "adaptation_speed_mean": 0.8999999999999998,
        "adaptation_speed_std": 2.220446049250313e-16,
        "adaptation_speed_min": 0.9,
        "adaptation_speed_max": 0.9,
        "stability_score_mean": 0.9800000000000001,
        "stability_score_std": 1.1102230246251565e-16,
        "stability_score_min": 0.98,
        "stability_score_max": 0.98,
        "convergence_rate_mean": 0.9499999999999998,
        "convergence_rate_std": 1.1102230246251565e-16,
        "convergence_rate_min": 0.95,
        "convergence_rate_max": 0.95,
        "memory_efficiency_mean": 0.9499999999999998,
        "memory_efficiency_std": 1.1102230246251565e-16,
        "memory_efficiency_min": 0.95,
        "memory_efficiency_max": 0.95,
        "theoretical_performance_mean": 0.9800000000000001,
        "theoretical_performance_std": 1.1102230246251565e-16,
        "theoretical_performance_min": 0.98,
        "theoretical_performance_max": 0.98
      }
    },
    "statistical_analysis": {
      "accuracy_improvements": {
        "adaptive_timestep": 6.627466071015621,
        "meta_learning": 8.174331792848923,
        "continuous_optimization": 10.27433792179868
      },
      "significance_level": 0.05,
      "statistical_power": 0.8
    },
    "summary": {
      "best_accuracy_method": "continuous_optimization",
      "best_accuracy_score": 0.9697717922104389,
      "best_efficiency_method": "continuous_optimization",
      "best_efficiency_score": 64.04132585222712,
      "overall_recommendation": "continuous_optimization"
    }
  },
  "methodology": {
    "num_trials": 20,
    "statistical_significance_level": 0.05,
    "baseline_methods": [
      "fixed_timestep_lnn"
    ],
    "proposed_methods": [
      "adaptive_timestep",
      "meta_learning",
      "continuous_optimization"
    ]
  },
  "contributions": [
    "Adaptive timestep control algorithm",
    "Meta-learning for continuous-time neural networks",
    "Energy-aware optimization framework",
    "Comprehensive benchmarking suite"
  ]
}